<productinfo
  xmlns:xsi="http://www.w3.org/2001/XMLSchema-instance"
  xsi:noNamespaceSchemaLocation="optional">
<?xml-stylesheet type="text/xsl" href="optional"?>

<matlabrelease>14</matlabrelease>
<name>PIVMat</name>
<type>toolbox</type>
<icon>html/pivmat_logo16.jpg</icon>
<help_location>html</help_location>

<list>

<listitem>
<label>Help</label>
<callback>docpivmat</callback>
<icon>$toolbox/matlab/icons/book_mat.gif</icon>
</listitem>

<listitem>
<label>Release Notes</label>
<callback>docpivmat('pivmat_releasenotes.html')</callback>
<icon>$toolbox/matlab/icons/notesicon.gif</icon>
</listitem>

<listitem>
<label>Check for Update (Web)</label>
<callback>checkupdate_pivmat('dialog');</callback>
<icon>$toolbox/matlab/icons/webicon.gif</icon>
</listitem>

<listitem>
<label>Product Page (Web)</label>
<callback>web http://www.fast.u-psud.fr/pivmat -browser;</callback>
<icon>$toolbox/matlab/icons/webicon.gif</icon>
</listitem>

</list>

</productinfo>
